name,activable,startdate,enddate,phone,location,x,y,cate,description

2019周深“C，929星球”巡回演唱会,在售中,2019.12.14周六 19:30,,,华熙LIVE·528M空间,104.144793,30.572894,0,演出介绍：一颗银河之外的星球一方直面内心的世界一次寻觅与治愈的旅途一次关于音乐的独白C,929！C — 周深的英文名Charlie的开头字母9.29 — 周深的生日这是一颗属于周深的星球一颗你在任何书籍中都查找不到的星球闭上眼睛跟着周深的歌声漂流 逃离纷乱世事让大人的面具睡去让内心的孩子苏醒周深化身C,929星球的小王子，带领大家在梦中降落C,929星球，在星球中寻找、遇见、得到、释怀。在梦中，遇见骄傲的玫瑰，睿智的狐狸，迷惑的飞行员，寻找勇气与爱，回归最简单的自己。闭上眼睛，逃离纷乱世事，让大人的面具睡去， 让孩子的内心苏醒， 在周深的歌声中，让浮躁的心渐渐安静，让纷乱的呼吸渐渐平复。 沉入梦中，在无边宇宙中漂流，飞向C,929星球。在 C,929 星球中和周深小王子一起寻找、遇见、寻找美丽却带刺的玫瑰，寻找孤独危险的蛇，寻找迷茫因惑的飞行员，在百味交杂中，体验和感悟，内心的孩子渐渐苏醒，回归。我们终将长大，却不一定非要复杂 涤荡净内心的杂念，回归最纯粹的自己 每个大人，真实都是发光的小孩 愿我们历经千帆，归来仍是少年。"
奥地利维也纳施特劳斯家族爱乐乐团2020新年音乐会,在售中,2020.01.04,2020.01.05,,四川大剧院 大剧场,104.066345,30.657851,0,演出介绍：购票须知特别提示根据《网络交易管理办法》中关于：“其他根据商品性质并经消费者在购买时确认不宜退货的商品，不适用无理由退货。”的规定，鉴于文体演出票品特殊性，演出门票为联网售票，门票和座位都是唯一的，具有时效性、唯一性、数字化等特殊属性，一旦票品售出，不支持退换，请您在购买时务必仔细核对您的订单信息并审慎下单。（因不可抗力因素导致演出取消或延期除外）。如何取票正式开票后，请到本剧目所在演出场馆（四川大剧院）自助取票机，凭下单取票码/二维码/身份证取票。工作日取票：周一至周五9：00,17 : 00演出当晚取票：演出前30分钟取票地址：四川大剧院（成都市青羊区人民中路1号附2号）。（天府广场，地铁1、2线天府广场站F出口）本剧院暂不支持停车，建议乘坐公共交通前往,给您带来的不便，敬请谅解！（注：1、选择取票码的观众，必须要使用下单手机上发送的取票码，否则将无法取票和不能入场观看，后果自负）2、选择二维码取票的观众，必须要使用下单手机二维码取票，否则将无法取票和不能入场观看，后果自负）3、选择身份证取票的观众，取票一定要用带上并使用下单身份证取票，否则将无法取票和不能入场观看，后果自负）配送说明系统暂不支持配送，请到本剧目所在演出场馆（四川大剧院）自助取票机，凭下单取票码/二维码/身份证取票。购票咨询四川大剧院（锦城艺术宫）统一订票电话热线：028,86650834 （周一至周五9：00,17 : 00）圣地之声·奏响百年奥地利维也纳施特劳斯家族爱乐乐团VIENNA AUSTRIA​STRAUSS LEGACY PHILHARMONY ORCHESTRA2020新年音乐会NEW YEAR'S CONCERT 仪式感代表着在生活中对某个重要阶段的敬畏或者是即将开启某个重要时刻一年365天，生活让我们充实而忙碌前进的脚步从未停歇为了迎接新的一年在2019,2020跨年之际，带上家人享受一场新年音乐会开启一段全新的旅程奥地利——一个从古至今的音乐圣地，其首都维也纳更是全球赫赫有名的“音乐之都”，创作出“旷世之作”的贝多芬、莫扎特、海顿、施特劳斯家族等音乐家均出自此地施特劳斯家族——一个传奇的古典乐天才家族，老约翰·施特劳斯被人们称为“圆舞曲之父”奥地利维也纳施特劳斯家族爱乐乐团——一个全世界乐迷都由衷钦慕的专业交响乐团爱乐家族 荣耀出巡奥地利维也纳斯特劳斯家族爱乐乐团成立于1843年，是一只近百名的专业音乐精英组成的杰出交响乐团，具有辉煌的演出经历，并享有国际盛誉。最初乐团的成立是为了纪念和传承奥地利伟大的作曲家施特劳斯家族的音乐遗产。施特劳斯家族是19世纪奥地利维也纳著名的音乐世家，主要是指约翰·施特劳斯父子，即父亲老约翰·施特劳斯和他的三个儿子——小约翰·施特劳斯、约瑟夫·施特劳斯和爱德华·施特劳斯。奥地利维也纳斯特劳斯家族爱乐乐团在从维也纳乃至全球的上千场辉煌巡演中，一直坚守职责为施特劳斯家族服务。将高水平的演出带给广大民众，让更多人接触到古典音乐。和传统意义上的交响乐团不同，乐团不但能演奏古典、传统的音乐作品，而且对激进的现代作品也有独到的解释，满足当代观众对音乐会的观赏要求。乐团非常重视和其他国家的文化、音乐交流。和欧盟国家的音乐团体有着良好的合作关系，乐团拥有自己的独奏家，举办音乐大师班，将沉闷在象牙塔里的古典音乐，以自己特有的活泼形式介绍给大众，此外，乐团还举办慈善募捐义演，展示了人类美好的精神世界。在2007至2017年间，该团多次来到中国进行巡回演出，在北京人民大会堂、中山音乐堂、上海大剧院、上海东方艺术中心、重庆大剧院、福州大剧院、哈尔滨音乐厅、温州大剧院、常州大剧院等知名场馆内做演奏，所到之处均受到当地观众的喜爱与各地媒体的盛赞。明星指挥 精湛演绎奥地利维也纳施特劳斯家族爱乐乐团的现任指挥——萨伯ATTILA SZABO，同时也是奥地利著名的小提琴大师，生于1941年，1962年他夺取了第一个国际小提琴大奖—巴托克音乐大奖;并在同年创办了著名的萨伯弦乐四重奏组,出版了数十张CD,在许多重要的艺术节上都留有他的足迹。萨伯教授长期任教于奥地利凯腾州立音乐学院，不仅是桃李满天下的音乐教育家，更是世界著名小提琴收藏家。萨伯拥有数十把意大利名琴，他不仅演奏古典作品,还演奏过250多个新作品。他的演奏风范,不禁使人们联想到施特劳斯的圆舞曲《维也纳人的气质》。其中他最偏爱也是最常使用的一把意大利名琴是制于1686年名为斯特拉迪瓦里的古琴，其价值超过两百万美金。中西合璧 纯臻体验此次新年音乐会的中国巡演，奥地利维也纳斯特劳斯家族爱乐乐团非常重视中国的音乐文化传统，带来了许多中国特色的曲目《我的祖国》、《春节序曲》，充分迎合中国新年的喜乐氛围。同时他们也将纯正的国外交响序曲带到观众面前，其专业的演奏和音乐交流，时而激情时而浪漫，时刻让在场的观众接受来自听觉和心灵的至高洗礼。在2019,2020跨年之际，与家人携手享受当下，共同迎接美好新年。媒体报道 盛赞洗礼2018年12月27日，上海贺渌汀音乐厅全场爆满，维也纳圆舞曲的酣畅旋律恣意流淌，观众一次又一次起立鼓掌……在不可复制的爆棚中，所有人无一例外的收获了巨大的快乐！这是“青岛啤酒金奖之夜——奥地利维也纳施特劳斯家族爱乐乐团新年音乐会”的演出现场。奥地利维也纳施特劳斯家族爱乐乐团倾情演绎百年经典，呈现了一场世界级的音乐鉴赏。这也是北京爱乐继央视少儿频道“银河之声”新年交响乐节目之后的又一年度巨献。——网易文化频道奥地利维也纳施特劳斯家族爱乐乐团2017年新年音乐会观后感这是一次迟到很久的音乐会。音乐、食物、绘画——或者说艺术，这三样是没有语言以及国界障碍的交流渠道。美食慰藉人的心灵，而音乐，慰藉人的灵魂。——豆瓣文化话题Giacchino Rossini ： William Tell Overtures 3’40’’ 罗西尼：威廉退尔序曲Josef Strauss ： Dorfschwalben aus Österreich Walzer  
2019“乐动蓉城”月末惠民音乐会 新年音乐会,在售中,2019.12.17 周二 19:30,,,成都艺术中心音乐厅(原特仑苏音乐厅),104.096728,30.648094,0,演出介绍：2019“乐动蓉城”月末惠民音乐会新年音乐会主办单位：成都市文化广电旅游局承办单位：成都市非物质文化遗产艺术研究院演出单位：成都乐团演出在售中,2019年12月17日 19:30 演出地点：成都艺术中心音乐厅（水碾河路48号）票价：60/100/160/220  (惠民票价)项目介绍：本场音乐会为新年音乐会，由成都乐团（成都交响乐团），组织约80名演奏员担任此次演出的乐队阵容，并邀请著名小提琴演奏家梁大南、著名大提琴演奏家秦立巍、青年小提琴家高参、青年唢呐演奏家张倩渊、青年女高音歌唱家顾文梦、青年男高音歌唱家朱智参与演出，将为现场观众演奏经典的交响乐曲！成都乐团：成都乐团由成都交响乐团、成都民族乐团组成，并分设成都童声合唱团和成都爵士管乐团，是我国西部地区富有影响力的国办乐团之一，现任团长肖鹰。乐团具有光辉的历史和丰富成功的表演经历，其成员均为各大音乐院校优秀毕业生。在普及、交流及宣传高雅艺术和推广少儿音乐教育的实践过程中，乐团成功举办了各种主题的音乐会（剧），在国际国内具有一定的影响力和知名度。成都交响乐团成立于1985年7月，是我国西南地区成立较早的从事交响乐事业的专业乐团之一，现任驻团常任指挥:曹波、林木森，乐团首席：王大章。乐团坚持“中外结合，雅俗共赏，普及提高，面向社会，面向未来”的指导方针，已成功和规范化地建立和形成了古典音乐经典作品系列，普及音乐会系列，教育音乐会系列，节庆音乐会系列，爵士管乐队等演出模式。继1997年成功演出贝多芬第九“合唱”交响曲之后，近年来乐团相继创作完成了大型音乐舞台剧《康定情歌》；世界五大经典小提琴协奏曲等专场音乐会；大型汉藏羌彝原创民族交响音画《土风》、大型原创交响音乐会《乡音乡情》、大型原创交响套曲《成都》；《乐动蓉城》月末惠民音乐会；《蓉城之春》系列音乐会；2016首届成都国际音乐诗歌季；2017和2018蓉城之秋成都国际音乐季等，并受到国内外专家和媒体好评。乐团演出足迹遍及全国并多次受到了来自美国、英国、意大利、德国、法国、奥地利、比利时、西班牙和俄罗斯等国家热情的出访邀请。    历年来，乐团和国内外著名的音乐艺术家们：如中国指挥家李德伦、严良堃、卞祖善、熊冀华、邱正桂、唐青石；芬兰指挥家沙拉斯特；德国指挥家纽曼；美籍华裔指挥家朱其元、刘江；美国指挥家塞缪尔•安德尔、艾米丽•布朗、瑞贝卡、瑞卡尔多；意大利指挥家法比奥；捷克指挥家Popelka；著名美籍华人指挥Marlon Chen以及美国小提琴家黄滨、董昆；中国小提琴家盛中国、李开祥、宁峰、陈曦、文薇、高参；澳大利亚小提琴家伍德科克、陈响等均有过圆满成功的合作，极大地促进了乐团的发展和提高，受到国际和国内各界的高度评价和赞誉。指挥：林木森，成都交响乐团常任指挥，四川音乐学院交响乐团常任指挥，于四川音乐学院附中随邱正桂教授学习指挥，于四川音乐学院随美籍华人指挥家朱其元教授学习指挥。林木森作为客座指挥与中央歌剧院交响乐团、中国歌剧舞剧院交响乐团、中央音乐学院交响乐团、上海歌剧院交响乐团、深圳交响乐团、苏州交响乐团、贵阳交响乐团、厦门爱乐乐团、昆明聂耳交响乐团、河南交响乐团、重庆交响乐团、四川爱乐乐团、四川交响乐团等均有良好合作。特邀首席：梁大南，自幼随母习琴。1984年毕业于天津音乐学院，同年参加全国小提琴比赛并获奖，随后考入中央乐团，1986年成为中央乐团历史上最年轻的首席。1995年他发起组建了新世纪室内乐团，1996年加盟中央歌剧院，任交响乐团首席。2000年成为上海广播交响乐团特聘首席。2003年起任中央音乐学院管弦系教授、博士生导师，同时出任北京交响乐团首席。2018年应天津交响乐团邀请担任弦乐艺术指导、客席首席。梁大南是非常活跃的小提琴演奏家，足迹遍及全球，其精湛的技艺征服了世界各地的听众。在美国卡内基音乐厅成功举办独奏、重奏音乐会，受到时任美国总统乔治·布什的盛誉，并颁发了荣誉证书。由于对音乐、对社会的贡献，梁大南曾多次受到中华人民共和国文化部嘉奖，并终身享受国务院给予的国家政府特殊津贴。2008年被北京市教育工作委员会评为北京高校优秀党员。现为教育部本科教学水平评估组专家、文化部考评委员会委员、文化部音乐专业高级职称评审委员会委员、中央“千人人才计划”评审委员会委员、中国音乐家协会表演艺术委员会委员、中国音乐家协会小提琴学会副会长。特邀嘉宾：秦立巍，作为一名杰出的世界级艺术家，秦立巍以独奏家和室内乐演奏家身份与许多国际知名乐团及指挥家均有过成功合作。在获得第十一届柴科夫斯基大赛的银奖后，秦立巍于2001年在纽约赢得著名的瑙姆堡国际大提琴比赛的金奖。“一个时尚且敏感的表演者，对音乐投以无与伦比的专注”这是《留声机》杂志对秦立巍与伦敦爱乐乐团合作演奏的“埃尔加/布里顿/沃尔顿协奏曲”专辑的描述。秦立巍现任教于新加坡国立大学杨秀桃音乐学院，在此之前，他在英国皇家北方音乐学院担任大提琴教授，同时还是上海音乐学院和中央音乐学院的客座教授。秦立巍目前使用的是一把由吴毓逊博士夫妇特别赞助的1780年约瑟夫•瓜达尼尼大提琴。高参，一位蜚声国际,让世界音乐界开始认识到这位来自中国、并越来越活跃在国际主流音乐舞台上的青年小提琴家。同时他被中国音乐家协会小提琴学会增补为新任理事。作为当代中国青年音乐家的杰出代表，2015 年初，他获选中国邮政“印象中国”系列，国家邮政为他出版了一套“中国文化名家”个人集邮套及明信片。值得一提的是，高参不但是一位成功的音乐会小提琴家，同时也是艺术学术领域的杰出拓展者；他是中央音乐学院大学部最年轻的副教授，并在 2007,2012年担任美国辛辛那提大学音乐学院客席教授（Exchange Faculty），是该院有史以来最年轻的中国籍客座教员，并创下了过去十年来，唯一一位中国小提琴家
日本女钢琴家星山智子，久石让宫崎骏动漫经典作品钢琴音乐会【中国首演】,在售中,2020.01.01 周三 19:30,,,新声剧场,104.041283,30.677494,0,演出介绍：日本女钢琴家星山智子,,久石让宫崎骏动漫经典作品钢琴音乐会【中国首演】 有一种治愈是一个没有空调，只有一阵风和西瓜的夏天，是银装素裹，呵着手在壁炉前取暖的冬天。2020去日本女钢琴家星山智子,,久石让作品音乐会，听蝉鸣，听雪落，听花开的声音。每一个80、90、00后的童年里，一定看过宫崎骏的动漫，听过久石让的音乐，宫崎骏和久石让代表的不仅仅是日本动漫和音乐的巅峰，还是一个时代的精神世界，久让石的音乐也总是承载这故事和自己的回忆。2020年，日本女钢琴家星山智子，带着自身对久石让作品中世界观的感悟，用正宗古典音乐的技法，重新编曲久石让的经典动漫音乐。全场音乐会不仅是钢琴技巧的华丽呈现，更是一场让灵魂飞扬，感受灵性与超然之美的旅行。 宫崎骏笔下的四季总是有着童年，没有这些现代元素的原始的感动，明明简单，但就是那么想念，他的童话，可以送给成年的你怀念，可以让小孩子相信每个简单的善良。宫崎骏的冬天尤为迷人，是那种不需要太多的语言描绘，只一个画面就让你红了眼睛，笑着说“这个我经历过”。 你像冬天一样来得迟，然后被一朵朵雪花把头发打湿，然后踩着雪花回家，慢慢的让你不再害怕天涯。为什么四季要变换?为什么每个人都要成长?宫崎骏的动画给你解答，而久石让用音乐让画面更写意，让所有漫长的路不在漫长。就像小时候会问为什么天上有月亮?为什么地上有远方? 《风之谷》、《龙猫》、《幽灵公主》、《千与千寻》每一部，都会让人心中悸动不已，在宫崎骏动漫中，冒着热气的美食才是冬日最好的慰藉，红彤彤的壁炉才是冬日最简单的温暖，慵懒的猫，墙上的挂钟，织着毛衣的婆婆，一切都是那么和谐。而把这种和谐宁静融入音乐中可不是容易的事，还好他遇到了久石让，让他的冬季，不仅有画面还有了让人有了憧憬的空间。 直到长大，还会想起小时候趴在电视前，看着小梅和姐姐在树林里找大龙猫，幽灵公主对生命的敬畏，和那一座就算长大也从未消失的天空之城，也会在某个晚上提着煤油灯看种下的种子会不会发芽，这就是宫崎骏呀! 在成长的路上为了避免被“异化”人丢失了太多。孩子们乘着纸飞机，从哈尔的移动城堡出发，与千寻穿越风之谷，和魔女徜徉在神秘的天空之城，带天真童趣的龙猫在旋转木马上放飞童梦…2020日本钢琴家星山智子—久石让作品音乐会，去找回那颗弄丢的童心，去欣赏每个不完美的人生。冬季，就让我们一起去听久石让吧。 演员介绍：日本女钢琴家星山智子 京都艺术大学音乐学钢琴专业美国北佛罗里达大学钢琴专业。弗朗斯吕,马尔梅松国家地方音乐学院，凡尔赛国立地方音乐学院，钢琴和室内以第一名的成绩毕业于楽。第24届阿塞利亚推茑新人演奏会优秀奖大阪钢琴协会钢琴最优秀奖。第九届帕多瓦国际钢琴大赛获得第3名(意大利)。神户音乐家协会会员在美国、法国、东京举办个人独奏会。2015年开始进行日本久石让钢琴作品巡回演出，受到极大的欢迎。2019年,2020年首次中国巡演  曲目单节目单（以现场演出为准）：一，夏天 电影《菊次郎的夏天》主题曲二，人生的旋转木马 电影《哈尔的移动城堡》主题曲三，海景小镇 魔女宅急便四，电影《千与千寻》选曲1，那个夏天2，生命之名3，与我同在4，第六号车站五，电影《风之谷》选曲1，幻想曲2，鸟人六，电影《天空之城》选曲1，飞行石2，希达的决定3，纯洁4，伴随着你5，红猪6，亚得里亚海7，一去不返的时光8，朋友七，电影《幽灵公主》选曲1，阿西达卡战纪2，幽灵公主3，西游记4，阿西达卡与幽灵公主"
“2020成都跨年音乐会” 美国好莱坞交响乐团大型电影视听盛宴,在售中,2019.12.31,2020.01.01,,四川大剧院 大剧场,104.066345,30.657851,0,演出介绍：无交响，不新年No symphony No New Year's day为什么要听一场新年音乐会？1939年——为世界和平    “新年音乐会”源起1939年12月31日的奥地利维也纳金色大厅，由指挥家克来门斯·克劳斯创办并指挥。二战的炮火让世界满目疮痍，而音乐始终是抚慰人心的最佳良药。1987年——为传递美好二战后，维也纳新年音乐会通过广播可以传送到世界各地，1987年1月1日的维也纳新年音乐会，是中国人通过电视荧幕看到的第一次新年音乐会。1996年——为纯正享受随着交响乐在中国的盛传，1996年12月31日，首届北京新年音乐会在人民大会堂隆重举行，让大家知道原来可以以欣赏一场音乐会的方式度过新年！2019,2020年——为自己祝福为了过自己想追求的生活，音乐会成了人们不可或缺的仪式感象征。2019年12月31日,2020年1月1日跨年之际，《好莱坞之夜》2020新年音乐会，将演绎经典的被大众所熟知的奥斯卡电影金曲，《好莱坞之夜》将成为所有人年末的彩蛋。关于「好莱坞之夜」About「 Hollywood Tonight 」在漫漫黑夜中，当你找不到信念时，抬头一定能看到璀璨的星光，好莱坞电影之于我们平凡生活就好比这样的存在。《好莱坞之夜》新年音乐会也从而得到了万众瞩目，此次中国巡回演出由知名电影配乐指挥家里卡多·阿夫巴赫所带领的美国好莱坞交响乐团，为成都人们演奏的好莱坞影视金曲名作，展现新年音乐会最热烈最豪华的艺术水准。关于「美国好莱坞交响乐团」About「America Hollywood concert orchestra」美国好莱坞交响乐团成立于1990年，成立之初就成为全球最重要的一个POP巡演乐团，为全球各地的观众回顾百老汇和好莱坞的经典影视配乐。美国好莱坞交响乐团以其独特的音乐编排而闻名，以当代电影为主题，同时也以追溯到30年代初的古典电影为主题，如《狮子王》《碟中谍》等。美国好莱坞交响乐团多次参加世界著名的萨尔茨堡音乐节、德国慕尼黑音乐节、荷兰海牙音乐节、英国考文垂戏剧音乐节、法国贝桑松音乐节、美国森林公园音乐节，乐团还陪伴美国政要出访美洲各国，迄今为止乐团的足迹已遍布了五大洲的60多个国家，“从百老汇到好莱坞”组曲节目深受欢迎，除了巡演，乐团还为最新的电视、电影和百老汇主题而创作，被称为“明星管弦乐队”。明星指挥家美国指挥家里卡多·阿夫巴赫（Ricardo Averbach）——当代著名指挥家和法国号角演奏家，同时也是好莱坞交响乐团艺术总监。他的音乐会已在50多个国家的电台和电视台播出，作为当代音乐的忠实拥护者，Averbach博士为主要唱片公司演出并录制了多个世界首演唱片，在全球售出超过50万张2010年瑞士卢加诺Master players国际音乐比赛的第一荣誉文凭；1992年Tanglewood音乐节获得Maurice Abravanel奖；全球知名曲目音乐是世上最锋利的武器，可以不经意间直击最柔软的心底，把深藏记忆的情绪唤醒。此次新年音乐会曲目涵盖了好莱坞当代与古典的各个音乐时期，如果你对这些影视作品耳熟能详，那一定也不会忘记其中的经典主题配乐。从温柔如水的《蒂芙尼的早餐》月亮河，到旷世杰作《辛德勒的名单》、充满魔法的《哈利波特与魔法石》《指环王》、经典影片《贝隆夫人》《歌剧魅影》，采取交响乐与经典电影的结合，无疑带给观众一场无与伦比的视听享受。独特的视听盛宴好莱坞不仅是全球时尚的发源地，也是全球音乐电影产业的中心地带，每年在此举办的奥斯卡颁奖典礼都会得到全球观众的关注，每年盛产的经典电影，都能在心中留下不同的感动。《好莱坞之夜》2020新年音乐会，区别于传统音乐会形式，采取高清LED画面放映好莱坞电影情节画面，同时搭配大型管弦交响乐章，产生特殊化学反应，带给您一场气势宏伟、重温旧梦的视听盛宴。【曲目单】1.	超人主题曲Superman Overture – 3 min 30 sec2.	月亮河Moon River – 3 min3.	拉科奇进行曲Rakoczy March – 3 min 30 sec4.	辛德勒的名单Schindler’s List – 3 min 40 sec5.	环游地球八十天Around the World in 80 days – 66.	阿甘正传Forrest Gump suite – 6 min7.	与狼共舞Dances with Wolves selections – 7 min8.	指环王Lord of the Rings selections – 5 min9.	公寓主题曲Theme from the Apartment – 3 min 30 sec10.	007主题曲James Bond suite – 4 min 30 sec,,,,,,,,,,,中场休息,,,,,,,,,,,,,,,,,,,,,,,,,,,,,,,,,11.	夺宝奇兵March from Raiders of the Lost Ark – 4 min 30 sec12.	时光倒流七十年Somewhere in Time – 4 min13.	贝隆夫人Don’t Cry for Me Argentina, from Evita – 4 min14.	哈利波特与魔法石主题曲Harry Potter selections – 5 min15.	乱世佳人Gone with a Wind – 3 min 30 sec16.	格伦米勒传In the Mood (Glen Miller Story) – 4 min 3017.	星球大战Cantina Band music from Star Wars – 3 min18.	泰坦尼克号Titanic selection, 6 min返场两首曲目，精彩绝伦，期待现场惊喜*具体曲目单以现场为准*"
法国巴黎爱乐乐团2020蓉欧新年音乐会,在售中,2019.12.27 周五 19:30,,,ICON.云端 天府音乐厅,104.069916,30.536836,0,演出介绍：法国巴黎爱乐乐团2020蓉欧新年音乐会「乐团历史」法国巴黎爱乐乐团于1725年成立于于巴黎L'Oise大区，其前身是一个名叫音乐会的管铉乐团。数百年来，该乐团更替过40位团长，和33位名指挥和50位首席小提琴家。巴黎爱乐乐团作为城市的一个响亮的名片，一直在法国以及欧洲各地巡演。在历史的长河中，该乐团为古典音乐的发扬光大做出了卓越的贡献。「乐团成就」法国著名大提琴演奏家皮埃尔福尔尼，竖琴演奏家莉莉拉斯克娜和凡尚丹迪尼，以及长笛演奏家坲洛里安古山均是该乐团的独奏演员。在平均每年进行的300多场演出中，乐团培养了一批又一批的年轻音乐家。同时也让观众见证了乐团的发展壮大。乐团在世界各地巡回演出的同时，每年夏季举办大提琴国际音乐节。来自世界各地的大提琴演奏家在音乐节期间举办各种专场音乐会和大师班。「乐团指挥」法国巴黎爱乐乐团的第33任指挥。1977年开始担任法国国家喜剧歌剧院交响乐团的指挥达15年之久。1980年通过严格的筛选，蒂埃里被任命于法国巴黎爱乐乐团的第33任指挥。他同时还兼任法国勒阿佛交响乐团的指挥。作为一个作曲家，蒂埃里创作了大量的交响乐和歌剧乐曲，比如歌剧：爱丽丝的幽魂，尼克勒的双足。他还为女高音，男高音和男中音，合唱团以及竖琴创作乐曲。他创作的乐曲已在众多国际音乐节中演唱，演奏。1957年出生在法国诺曼底大区的蒂埃里是一个敏感，幽默有严重洁癖的人。喜欢抽雪茄，擅长烹调。他的口头禅是：我只和酷爱音乐的人做朋友。「女高音」（歌唱家/教授）法国巴黎爱乐乐团女高音维尼克。曾经在法国著名的索邦大学担任艺术系系主任的要职，但为了自己钟爱的演唱事业毅然决然的放弃了这份工作，而进入法国巴黎爱乐乐团担任女高音独唱演员「男高音」（著名歌唱家/艺术家）多次被法国各歌剧院邀请担任古典歌剧的男主角。2018苒让编导的歌舞剧 ""明日她将再次欢笑 ""在法国取得了巨大的成功，该剧一直在法国巡回演出至今。2019年苒让在法国最优美的海滨城市"" 多维尔 ""举办了个人演唱会。「场馆介绍」成都ICON●云端天府音乐厅（成都市高新区天府大道中段1577号）位于成都高新南区南端，西临天府大道，南临南河，东、北临天府软件园。音乐厅内部空间设计结合了传统长方形和非对称布局的特点。观众席非对称排开、多面环绕着中央舞台，座椅错落摆放在不同水平面的平台上，仿佛置身蜿蜒起伏的云南梯田之间。作为纯自然声专业音乐厅，目前云端·天府音乐厅声场效果已接近国际A级标准。「曲目单」（曲目以演出当天为准）1er partie上半场：Auf der Jagd Polka Schnell                         Johann STAUSS在猎场上快速波尔卡                            约翰 施特劳斯Les Belles Américaines                           Jacques OFFENBACH美丽的美国圆舞曲                              雅克 奥芬巴赫Ouverture du printemps                          李焕之春节序曲Solo de violon "" Sch?n Rosmarin""                   Fritz KREISLER小提琴独奏"" 美丽的罗丝玛琳""                   佛里茨 克莱斯勒Ouverture de Carmen                            Georges BIZET卡门序曲                                      乔治 比才Solo de Soprano "" Habanera""                      Georges BIZET女高音独唱，歌剧卡门选曲                      乔治 比才"" 哈巴涅拉""Solo de Ténor  "" Votre Toast""                     Georges BIZET男高音独唱，歌剧卡门选曲                      乔治 比才"" 斗牛士之歌""Espana Volse                                   Emile WALDTEUFEL西班牙圆舞曲                                 埃米尔 瓦尔特费尔Concerto Fl?te "" Frantaisie Brillante Sur Carmen""      Fran?ois BORNE长笛协奏曲"" 卡门主题幻想曲""                   佛朗索瓦 博尔纳2ème Partie下半场：Unter Donner und Bliz Polka Schelle                 Johann STRAUSS电闪雷鸣波尔卡les voix du Printemps Valse chantée Avec Soprano     Johann STRAUSS春之声 女高音伴唱                             约翰 施特劳斯Duo de soprano et ténor"" Libiamo""                 Giuseppe VERDI男女声二重唱，歌剧茶花女选曲"" 祝酒歌""         朱赛佩 威尔第Solo de Ténor "" Nessum Dorma""                   Giacomo PUCCINI男高音独唱，歌剧图兰朵选曲"" 今夜无人入眠""     贾科莫 普契尼Duo de soprano et Ténor                         Francis LEMARQUE男女声二重唱"" 在巴黎""                        佛朗西斯科 勒马克Valse de l'Empereur                             Johann STRAUSS皇帝圆舞曲                                   约翰 施特劳斯Ouverture d'Orphée aux Enfers                    Jacques OFFENBACH地狱中的奥菲欧序曲                           雅克 奥芬巴赫演出在售中,2019年12月27日演出地点：成都ICON●云端天府音乐厅（成都市高新区天府大道中段1577号）票价：380、580、780、980、1280"
「影响城市之声音乐节」Glass Animal 专场,在售中,2019.12.01 周日 21:00,,,梵木创艺区·正火艺术中心1号馆,104.150516,30.622714,0,演出介绍：阵容Lineup：Glass Animals(UK)Glass Animals , 几个具有相似音乐趣味，而又无所事事的大学音乐怪才，往往会组成一支乐队，Glass Animals就是这样诞生的。在唱作者、制作人Dave Bayley的带领和牵线下，这支英国牛津乐队于2010年正式组建，随后，迷幻而又潮湿的单曲「Gooey」让人们见证了乐队的崛起，首张专辑「ZABA」和紧随其后两年多的巡演，则为他们打下了坚实可观的乐迷基础，第二张专辑发行之后，Glass Animals已经俨然是欧美独立乐坛的另类宠儿。Glass Animals可谓队如其名，他们在透彻、易碎的表面下潜藏着动物般的原始性，他们是合成器流行、独立、电子、嘻哈的迷人混合物，介于 alt,J 的怪异和 Rhye 的暧昧迷离，Glass Animals正在用他们极具部落感的节拍、细碎微妙的声响，创造出独属于自己的生动、醉人的声音世界。如果你觉得这些只是评论界的文字游戏，那么，登上过Coachella、Lollapalooza、Glastonbury等顶级音乐节的舞台，全球范围内多场演出售罄，在知名电视节目上亮相……这些则具有足够的说服力，来证明Glass Animals是一支绝对值得你去关注、聆听和在现场体验的乐队。"
潘洵——贝多芬钢琴奏鸣曲专场音乐会,在售中,2019.12.22,2019.12.23,,四川音乐学院大音乐厅,104.079991,30.639305,0,演出介绍：美国米勒斯维尔大学音乐学院钢琴教授，演奏博士。美国兰开斯特国际钢琴艺术节艺术总监。1986年，中国民族作品钢琴比赛中荣获一等奖； 1987年，智利第十四届“Dr.LuisSigall” 国际钢琴比赛中荣获大奖；1990年，代表中国参加朝鲜平壤第四届国际艺术节并获奖；1992年，美国第四届“FrinnaAwerbuch”国际钢琴大赛中获奖，并由此取得第一次在卡内基音乐厅演奏的机会；1994 年，在美国纽约举行的国际艺术家比赛(Artists International)，荣获首奖。美国权威音乐杂志Star Ledger的评述：“他（潘洵）用超凡的音乐和娴熟的技巧感动了观众。”潘洵自幼随祖母及父母(钢琴演奏家潘一鸣教授和应诗真教授)接受音乐启蒙教育， 1984年考入中国中央音乐学院，期间曾两次荣获中国第一个音乐奖学金,,,“沈心工奖学金”。后考入美国纽约雪城大学(Syracuse University) 继续深造，于1996年获美国罗格斯大学(Rutgus University) 钢琴演奏博士学位。曾先后师从于应诗真，潘一鸣，朱工一和提奥多∙列特文(Theodore Lettvin) 等国内外著名音乐教授。潘洵曾任美国宾夕法尼亚音乐学院钢琴系主任，还担任中央音乐学院，中国音乐学院，四川音乐学院，温州大学，山东大学，烟台大学，福州大学，贵州大学，青海师范大学，和中国西北民族大学等多所学校的客座教授，并在世界各地举办大师课及担任许多著名音乐节的教授，包括维也纳雷协悌兹基音乐大师班暨夏令营；美国华盛顿国际钢琴艺术节和“Vivace” 艺术节；意大利国际室内乐音乐节等；并受邀在2012年10月第七届北京国际钢琴艺术节的开幕音乐会上演奏。同时多次受邀在世界各地担任国际比赛的评委。由于潘洵近几年在国际音乐界的突出表现，“FrinnaAwerbuch”国际钢琴比赛组委会更邀请他担任自2006年以来的比赛的评委。     潘洵还是美国著名“纽斯德” 三重奏(Newstead Trio)和“克莱维诺”三重奏(Trio Clavino)的钢琴家，从事室内乐演奏，并与包括世界著名音乐大师 Arnold Steinhardt等在内的音乐家合作。“纽斯德” 三重奏迄今为止已经灌录了五张唱片，他们的最近一张CD获得美国音乐杂志Fanfare的极高评价。2014年和2016年，“克莱维诺”三重奏两次获得著名的美国国务院颁发的福布莱特基金奖并由美国驻华大使馆邀请在中国的多个城市和东盟音乐周举行巡演，获得轰动。   由于在音乐上的突出成就，潘洵自1997年起便入选英国剑桥大学的《国际音乐名人录》(International Who’s Who Directory) 和《国际传记字典》(Dictionary of International Biography)。        为庆祝2020年音乐巨匠贝多芬诞辰250周年，潘洵将用15场音乐会来演奏贝多芬的全部32首钢琴奏鸣曲、10首钢琴／小提琴奏鸣曲、5首钢琴／大提琴奏鸣曲及3首钢琴／大提琴变奏曲。"
【超燃音乐系】 燃系钢琴史诗交响电声音乐会《VICTORY》,在售中,2020.01.12 周日 19:30,,,成都艺术中心音乐厅(原特仑苏音乐厅),104.096728,30.648094,0,演出介绍：【超燃音乐系】燃系钢琴史诗交响电声音乐会《VICTORY》演出在售中,2020年1月12日  19:30演出地点：特仑苏音乐厅演出票价：100/180/280/380/480套票价格：780元  （480元×2 张），1180元（480元×3张）演出时长：100分钟,0,演出介绍：超燃音乐系－是针对爱好纯音乐的中青年观众创建的LIVE厂牌。超燃音乐系列演出都是燃系音乐或舞蹈。打造最酷的音乐现场。2020年1月12日。超燃音乐系演出之－燃系钢琴史诗交响电声新年音乐会《Victory》登陆成都特仑苏音乐厅！★100%热血音乐★交响乐团+电声乐团高清LED播放恢宏的混剪画面，带来视觉冲击力！一燃到底的曲目：Victory.《变形金刚》配乐Scorponok .《指环王》配乐Concerning Hobbits.《权力的游戏》主题音乐Main Title .《加勒比海盗》配乐He's a Pirate.Intro:The Dawn（亡灵序曲）《复仇者联盟》The Avengers ..VICTORY－史诗音乐代表火遍全球的音乐《Victory》，你真的了解它吗，它的背后是个传奇作为一首火遍全球的纯音乐，大多数人将其评价为史诗，它也的确配得上是史诗，它以恢弘的气势引人入胜，没有人唱却胜似有千万人在唱，风格大气壮观，雄浑有力又不失细腻，就算你单曲循环个几十遍，还是能感受到那汹涌澎湃的气势和势不可挡锐气，不愧为史诗。《Victory》的创作团队是Two Steps from Hell（又名两步逃离地狱或者地狱边缘）。其在2006年3月正式坐落于美国洛杉矶，是一家专门制作音乐的公司，由尼克菲尼克斯和托马斯 J柏格森两位共同创办，他们的音乐类型属于原创配乐。由于其公司吸收了很多人才，使得其音乐在世界范围内十分出名，《Victory》、《Star Sky》、《Empier Of Angels》等等都是相当出名的作品。我们将本首曲子做为主题，并且在现场混剪《霍比特人五军之战》。代表着本场音乐会的调性就是：激情，热血，酷燃！《权力的游戏》（Game of Thrones），是美国HBO电视网制作推出的一部中世纪史诗奇幻题材的电视剧。该剧改编自美国作家乔治·R·R·马丁的奇幻小说《冰与火之歌》系列。其中主题曲、插曲、片尾曲、背景音乐配乐里面的歌曲非常好听经典，作者是出生于1974年的德国资深音乐人Ramin Djawadi，他极为擅长电子音效合成，很多著名的影片都是他的作曲，如加勒比海盗的附加音乐等，他也给很多美剧做幕后配乐。加勒比海盗主题曲：he's a pirate是电影配乐大师克劳斯巴德尔特(Klaus Badelt)和电影配乐大师汉斯季末(Hans Zimmer)共同完成的作品，中文译名为:他是一个海盗。pirate为海盗的意思。该曲是十大气势背景音乐之一，许多电视节目中都用到过。总的来说，这是一首感人的、有气势的自由之歌，它将自由诠释的天衣无缝。题名“The Dawn”原意为黎明、拂晓、破晓，被魔兽玩家们称为“亡灵序曲”。这是因为游戏《魔兽世界》中，开头音乐的旋律与The Dawn相同；后来另一名网友以《The Dawn》作为背景音乐，用《魔兽争霸3》中亡灵族的过场画面，剪辑制作了一部MV，并命名为《亡灵序曲》。而且，金属音乐表达的就是沉迷于对死亡、黑暗和痛苦的情感，所以将其称为“亡灵序曲”再合适不过。至此，该曲的中文名就随着这部MV一传十十传百流传开来，而真实名字却不被广为人知。The Avengers是电影复仇者联盟3：无限战争的原声音乐。由美国电影配乐作曲家Alan Silvestri创作。《复仇者联盟3：无限战争》是由安东尼•罗素、乔•罗素执导，小罗伯特•唐尼、乔什•布洛林、克里斯•埃文斯、克里斯•海姆斯沃斯、斯嘉丽•约翰逊、马克•鲁法洛等主演的科幻片，是复仇者联盟系列电影的第三部，是漫威电影宇宙的第十九部电影，该片将与《雷神3：诸神黄昏》剧情连接，该片将于2018年4月27日在美国上映，2018年5月11日在中国大陆上映。该片讲述复仇者联盟和他们的超级英雄盟友们必须愿意牺牲一切，才能在灭霸毁灭宇宙之前将其击败   曲目单 LIST （以现场演出为准）（总长度100分钟左右）：1、《超人》主题曲                   2、Flight Of The Silver Bird——TSFH3、《珍珠港》配乐Tennessee4、《007》配乐5、《哈利波特》主题曲6、《环太平洋》 主题曲7、《指环王》主题曲8、《权力的游戏》 主题音乐9、Star Sky——TSFH10、Victory——TSFH11、《加勒比海盗》主题曲12、克罗地亚狂想曲13、Intro:The Dawn（亡灵序曲）14、变形金刚主题曲15、GO TIME16、Black Heart——TSFH17、《星球大战7原力觉醒》组曲18、《碟中谍》 主题曲19、《复仇者联盟》主题曲 20、Empire Of Angles——TSFH"
“成都城市音乐会”—中外经典歌剧之夜,在售中,2019.12.06 周五 19:30,,,阿尔法影城4楼阿尔法剧场,104.080077,30.659409,0,演出介绍：“成都城市音乐会”—中外经典歌剧之夜导演、声乐指导：周容生周容生：男中音，歌剧导演；现为四川音乐学院声乐系副教授。主要获奖情况及作品2013年赴俄罗斯圣彼得堡音乐学院获“俄罗斯圣彼得堡第六届利拉国际音乐比赛”一等奖。2013年获四川音乐学院首届青年教师教学比赛三等奖。2014年获第四届孔雀奖全国高等艺术院校声乐大赛银奖。曾多次前往美国、新西兰、俄罗斯、德国等地演出访问学习，参加了文化部主办的歌剧导演培训。曾在：《金沙》《狂雪》《天府古镇黄龙溪》《波西米亚人》《卓文君》等多部歌剧、音乐剧中参与制作和演出。并在学术刊物和核心刊物上著有学术专著和论文论文数十篇。艺术指导：肖诗乐肖诗乐，四川音乐学院声乐系钢琴艺术指导，四川省钢琴艺术指导协会理事，首届星海音乐学院钢琴艺术指导比赛全国优秀演奏奖，四川音乐学院优秀教师，多次担任国内外各种比赛的钢琴伴奏，参加各类大师课的艺术指导工作，常年活跃在各类音乐会舞台。《秘婚记》（Il matrimonio segreto）〔意〕作曲：多梅尼科·奇马罗萨(Cimarosa 1749,1801)演出阵容：卡罗莱纳 ：吴紫蓥饰埃利斯塔  ：刘好饰孔特,格拉夫 ：何毛毛饰菲达玛 ：易梓涵饰帕欧利诺 ：郑启荣饰杰罗尼莫 ：刘鑫达饰剧情简介：年轻的律师帕欧利诺和贵族小姐卡罗莱纳偷偷相爱并秘密结婚。律师帕欧利诺想通过促成自己朋友孔特,格拉夫伯爵和卡罗莱纳的姐姐埃利斯塔结婚的方式，让卡罗莱纳的父亲富商杰罗尼莫同意自己和卡罗莱纳的婚礼。但孔特,格拉夫伯爵却一眼看中了卡罗莱纳，当孔特,格拉夫伯爵向卡罗莱纳表达爱意时，姐姐埃利斯塔出现了，误会的同时并指责妹妹卡罗莱纳。卡罗莱纳有口难辩，于是卡罗莱纳请姑妈菲达玛来帮忙，希望菲达玛姑妈能安慰姐姐埃利斯塔，但菲达玛姑妈并没有解决卡罗莱纳和埃利斯塔两姐妹之间的误会。持续的争吵引来了父亲杰罗尼莫和律师帕欧利诺。大伙儿一起指责妹妹卡罗莱纳轻浮。卡罗莱纳有口难辩，混乱之中，大家各执己《兰花花》作曲：张千一（1959.9）演出阵容：兰花花：曾晓涵饰赶羊人：冯万饰骆驼子：刘炎杰饰剧情简介：“延安府临镇川谁不知道，蓝家河兰花花人材最好，俊脸蛋细身腰风摆柳条，白日思夜晚想睡不着觉。”她是蓝家河远近闻名的大美人，一十三省的人尖尖。年轻帅气的外乡人骆驼子与她一见钟情，私定终身。可是老天的戏弄，骆驼子被赶出蓝家河，而她却被父亲和周老爷逼迫嫁给卑微的赶羊人。新婚当夜，兰花花为了爱情，同命运的安排抗争，将已怀有骆驼子孩子的事实告诉了赶羊人，赶羊人一时不知所措，愤愤离开。独守空房的兰花花，回想起与骆驼子的美好往事…《阿伊达》（Aida)作曲：朱赛佩·威尔第（Giuseppe Verdi 1813,1901）〔意〕演出阵容：阿伊达/埃塞俄比亚公主：柳沁媛 饰拉达梅斯/埃及将军：冯万 饰阿摩纳斯洛/埃塞俄比亚国王：祁建松 饰（特邀）剧情简介：古埃及法老王时代，埃及和埃塞俄比亚战事又起，埃及将军拉达梅斯率部出征，迎战埃塞俄比亚国王阿摩纳斯洛，埃塞俄比亚战败，将军拉达梅斯却爱上了埃塞俄比亚公主阿伊达。 盛大的欢庆场面映衬着广场上武士们凯旋归来的喜悦。阿伊达却在被拉达梅斯所虏的囚犯中发现了伪装成士兵的父亲。败阵下来的埃塞俄比亚国王和公主一筹莫展，痛苦的拉达梅斯为阿伊达身处险境而焦虑，无意走漏了防守薄弱地区的秘密。为了自由的爱情，也为了避免两国的长期交恶，拉达梅斯将生死置之度外，毅然决定放走阿伊达父女。不料，阿伊达父女俩逃离的行动被发现，拉达梅斯被判决埋入墓穴，阿伊达为了爱情，来到墓穴，决心与拉达梅斯相伴生死…《波西米亚人》（Bohemia people）作曲：吉亚卡摩·普契尼（Giacomo Puccini 1858,1924）〔意〕演出阵容：咪咪 ：刘茜饰穆塞塔／歌手：董慕蓉饰鲁道夫／作家：温哥华饰萧纳尔／音乐家：晏竟凯饰马切洛／画家：魏源饰（特邀）柯林／哲学家：王梓壕饰（特邀）剧情简介：春天，拉丁区的公寓里，鲁道夫与马切洛想起自己已分手的女友，无心工作。不一会儿，萧纳尔与柯林带着美酒与佳肴回来，四个人嬉笑打闹起来。穆塞塔突然到访，她激动的说，咪咪病重，为了见情人最后一面而来，但体力不支，昏倒在楼下。鲁道夫冲出房门将咪咪抱了回来，鲁道夫握着咪咪的手，回忆他们初次见面时的情景，咪咪一时激动，晕过去，鲁道夫惊叫起来。片刻之后，萧纳尔惊慌的指出咪咪已经没有了呼吸。一时间，他们满面泪水，看着床上面容安详的咪咪，房间里一片哀凉。鲁道夫浑身颤抖，他摸索着来到咪咪的身边，紧紧抱着咪咪渐渐冰冷的身体，呼唤她的名字…指导单位：四川省文化和旅游厅社会组织联合党委主办单位：四川省文化院团联盟四川音乐会学院声乐系承办单位：四川登满演艺经纪有限公司演出单位：周容生副教授教学班演出地点：阿尔法剧场（中影阿尔法影城7号厅）演出在售中,2019年12月06日晚19:30"
2020新年音乐会（1）——西班牙之夜,在售中,2019.12.06 周五 20:00,,,四川音乐学院大音乐厅,104.079991,30.639305,0,演出介绍：【秋冬音乐季】四川音乐学院交响乐团秋冬音乐季——西班牙之夜 新年音乐会西班牙之夜 新年音乐会Ⅰ音乐会信息 在售中,2019年12月6日 20：00 地点：四川音乐学院音乐厅票价（元）80、100、120、150、180优惠信息办理金卡会员：充2000元送400元办理金卡会员：充1000元送100元购票方式1、现场购票：成都市武侯区新生路6号  四川音乐学院 音乐厅 左侧售票处2、电话购票：028,691986013、微信购票：“四川音乐学院尚美文化”订阅号4、网络购票：大麦网四川音乐学院交响乐团        乐团成立于1982年，前身为四川音乐学院实验乐团。经过多年的不懈努力，发展到今天已经成为一支完全由演奏家组成的专业乐团。现任交响乐团团长为著名作曲家孙洪斌教授，名誉团长为著名作曲家林戈尔教授，执行团长为蔡宇教授，艺术总监由著名指挥家朱其元担任，行政总监由李兵教授担任，副团长由谭波副教授担任。指挥家熊冀华、邱正桂、李西林曾经分别担任乐团重要工作。乐团成员由四川音乐学院的精英演奏家及毕业于德国、美国、英国、法国、奥地利、北京、上海、沈阳、西安等音乐学院的青年演奏家们组成。        近年来乐团发展迅速，是中国西部最早拥有全年演出季并有歌剧系列的乐团，曲目包括从莫扎特到马勒，斯特拉文斯基与理查﹒斯特劳斯，每年与欧美歌剧导演与艺术指导合作的歌剧更是音乐季的亮点。与此同时，乐团还担负着普及交响乐的重任，设有进大学演出、中国作品及新作品专场、新年音乐会、通俗音乐会、电影音乐会、儿童节音乐会等。        乐团注重对外的交流与合作，与许多在世界享有知名度的音乐演奏家进行了合作演出，长期合作的著名音乐家有曹鹏、郑小瑛、汤沐海、张国勇、傅人长、郎朗、李云迪、陈萨、宁峰、秦立巍、宓多丽、黄滨、黄蒙拉、孙颖迪等，乐团用精湛的演出技巧，赢得了社会各界的好评。与柏林交响乐团和中央歌剧院的联合演出以及2010年乐团巡演北京、新加坡都获得了巨大成功。2013年赴广州参加文化部《金钟奖》开幕式音乐会，2015年应邀参加北京现代音乐节,2016年赴国家大剧院应邀参加第九届“春华秋实”艺术展演周，年底赴意大利佛罗伦萨等地参加“2016 Roncole Festival”音乐节，2019年受国家文化旅游部及成都市文化广电旅游局委派，赴阿尔及利亚参加第十一届国际交响音乐节闭幕式音乐会。同年，参加“第十二届中国音乐金钟奖”开幕式、小提琴决赛、闭幕式等演出任务。        今天，四川音乐学院交响乐团将以海纳百川的胸怀，邀请世界一流的歌唱家﹑演奏家进一步合作，为成都的文化发展搭建起一个与国际接轨的平台。四川音乐学院交响乐团艺术总监与首席指挥朱其元        2007年朱其元先生被任命为四川音乐学院交响乐团艺术总监与首席指挥，并荣获四川优秀外籍专家“天府奖“。他与川音乐团在每年的音乐季中与国际著名的乐团、指挥、导演及独奏家们有着广泛的合作，并创立了歌剧系列。任四川音乐学院和西安音乐学院名誉教授。2010年他率团进行了赴新加坡与北京的成功演出，并二次在广州中国金钟奖开幕式上执棒。        朱其元先生出生于上海，受教育于美国，师从著名指挥家大卫·泽曼，从1999年起曾担任美国哥伦比亚音乐交响乐团和卡洛莱那芭蕾舞团的音乐总监。明年音乐季一些客座演出包括与美国、上海、北京、厦门等地的交响乐团进行合作。 竺玟佳简介       竺玟佳，现就读于上海音乐学院研究生三年级，5岁开始学习小提琴，2003年以专业第一的成绩考入上海音乐学院附小，师从黄晨星教授，2006年直升上海音乐学院附中，2012年直升上海音乐学院。2017年以专业第一的成绩考入上海音乐学院研究生部，师从著名小提琴家、教育家徐惟聆教授。       竺玟佳曾代表上海音乐学院出访德国、澳大利亚、捷克、匈牙利等国进行演出交流。2020年她将在广州交响乐团的协奏下与俄罗斯传奇小提琴大师弗拉基米尔·斯皮瓦科夫合作演出巴赫d小调双小提琴协奏曲。竺玟佳曾获得:罗马尼亚布加勒斯特国际小提琴比赛少年组第一名 意大利珀斯塔契尼国际小提琴比赛 B 组第二名 第十届全国文华杯小提琴青少年比赛青年组第四名 日本东京萨尔斯堡,莫扎特国际室内乐比赛第三名 第十二届中国金钟奖入围决赛上海市艺术人才奖"
“中国四川·乐之土地”四川交响乐团2019-2020乐季音乐会 “冬日的幻想”,在售中,2019.12.18 周三 19:30,,,成都艺术中心音乐厅(原特仑苏音乐厅),104.096728,30.648094,0,演出介绍：本场指挥：米哈伊尔·列昂季耶夫米哈伊尔·列昂季耶夫毕业于以圣彼得堡音乐学院格林卡(Glinka)命名的合唱学院，在那里他学习了合唱、歌剧和交响乐指挥。此外，阿诺德·卡茨(Arnold Katz)、弗拉基米尔·费多塞夫(Vladimir Fedoseyev)、马克·戈伦斯坦(Mark Gorenstein)、维克多·亚姆波尔斯基(Victor Yampolsky)、乔玛·帕努拉(Jorma Panula)、内姆和帕沃·贾维(Paavo Jarvi)等大师也让他的职业生涯蒸蒸日上。列昂季耶夫的老师包括俄罗斯人民艺术家拉维尔·马蒂诺夫教授、苏联人民艺术家塔蒂亚娜·涅姆基娜、弗拉迪斯拉夫·切尔努申科教授和尼古拉·阿列克谢耶夫教授。列昂季耶夫曾获得过几项国际大奖:第五届以谢尔盖·普罗科菲耶夫命名指挥奖(圣彼得堡2008年冠军得主和雅马哈奖),十五届Min,On指挥奖(东京,2009年冠军得主和朝日奖),第一届 Ilya Musin命名公开指挥奖(2009年第一名和荣誉级别),第一届全俄罗斯指挥比赛(莫斯科2011年冠军得主)。他的歌剧,芭蕾音乐剧剧目如下:格林卡的鲁斯兰和柳德米拉,柴可夫斯基""黑桃皇后""，""约兰塔""、""尤金·奥涅金""、""天鹅湖","睡美人","胡桃夹子"",鲍罗丁""伊戈尔王子"",里姆斯基·科萨科夫""沙皇的新娘"",威尔第的""假面舞会,""弄臣""、""茶花女,纳杰克""卡蒂亚卡板诺娃"",罗西尼《塞维利亚理发师》,莫扎特""费加罗婚礼""，迪利贝斯的《科佩利亚》, 多尼采蒂的喜剧歌剧《钟声》, 乌斯本斯基 ""安娜卡列尼娜"", 普罗科菲耶夫""巨头"", 埃尔切娃的音乐剧《里克基,蒂基,塔维》, 谢德林""不仅爱""，卡门组曲 ,肖邦·格莱祖诺夫《恰娜娜》、巴斯金《爱丽丝梦游仙境》等。指挥过的乐团包括圣彼得堡卡佩拉州立乐团,圣彼得堡的交响乐团,米哈伊罗夫斯基剧院(圣彼得堡),新日本爱乐乐团,东京読売交响乐团,大阪爱乐乐团,东京交响乐团、阿佩乔尼室内乐团(莫斯科)，Glasperlenspiel Sinfonietta小型交响乐团,九州交响乐团、什切青市爱乐乐团、莫斯科国立学术乐团,圣彼得堡爱乐学院交响乐团、塔林小型乐团、莫斯科爱乐学院交响乐团、萨拉托夫歌剧院和芭蕾舞剧院、叶夫根尼·斯维特拉诺夫国家学院交响乐团等。2014年和2017年，他在同名峰会上担任俄罗斯,东盟青年管弦乐团团长。2011年至2016年，米哈伊尔·列昂季耶夫(Mikhail Leontyev)担任坦波夫交响乐团的艺术总监和首席指挥(该奖以拉赫曼尼诺夫的名字命名)。自2016年起担任圣彼得堡音乐厅""北方交响乐团""指挥。自2019年起担任Surgut Philharmonic爱乐乐团(俄罗斯)音乐总监。钢琴：松田华音松田華音出生于日本高松市，4岁起师从细田芳子教授学习钢琴。自2002年起，松田華音成为了著名的莫斯科格涅钦音乐学院附属中学的学生，师从爱莲娜·伊万诺瓦教授。2004年3月，松田華音获得了莫斯科格里格国际钢琴比赛最高奖。2006年11月，她获得了莫斯科""胡桃夹子""第七届国际青年音乐家电视大奖赛的最高奖，即""金胡桃夹子""奖。2007年1月，她为莫斯科及全俄罗斯大主教阿列克谢二世在丹尼洛夫修道院举办的儿童圣诞节联欢会上演奏。2009年4月，松田華音获得了由美国天才艺术家发展协会（AADGT）举办的纽约""Passion of Music""国际音乐比赛一等奖。2010年11月，她获得了哈萨克斯坦阿克托别举办的""Classic,2010""国际钢琴比赛最高奖。2011年，松田華音获得了为纪念俄罗斯伟大的音乐家斯克里亚宾而设立的""斯克里亚宾之路""""奖学金。2012年3月，她获得了莫斯科浪漫音乐节青年音乐家大奖。2013年2月，她赢得了格涅钦音乐学院2012年最佳学生的称号。2013年4月29日，松田華音在日本驻俄罗斯大使馆为日本首相安倍晋三访问俄罗斯献上一场钢琴独奏音乐会。同年9月，她获得了由日本国文部科学省授予的""艺术新秀""培训奖学金。2014年6月，松田華音从莫斯科格涅钦音乐学院毕业并获得了表彰杰出学生的""红色学位""毕业证；同年8月她考入莫斯科国家音乐学院，师从米哈伊尔·沃斯克里森斯基教授，并获得了俄罗斯政府授予的奖学金。2014年11月，松田華音与古典音乐著名唱片公司德意志留声机合作，在日本发行了她的第一张专辑。2017年6月，与德意志留声机合作发行了第二张专辑""图画展览会""。作为日本新生代音乐家中最为优秀的一员，松田華音的职业演出生涯非常充实，经常在莫斯科各大音乐厅演出，包括莫斯科国家音乐学院大音乐厅、小音乐厅及拉赫玛尼诺夫音乐厅、莫斯科国际音乐中心斯韦特拉诺夫音乐厅及室内乐厅、柴可夫斯基音乐厅等。松田華音在八岁就首次登台与交响乐团合作钢琴协奏曲，同马克·格伦斯坦、秋山和庆、洪毅全、円光寺雅彦、尾高忠明、高関健等指挥家及俄罗斯国家学院交响乐团、乌克兰（基辅）国家爱乐乐团、日本NHK交响乐团、日本读卖新闻交响乐团、东京交响乐团、东京爱乐乐团等交响乐团有过多次合作。2012年，松田華音携手俄罗斯国家交响乐团及指挥普雷特涅夫大师在日本演出，并参与了乐团随后的亚洲巡演。之后她参加了俄罗斯国家交响乐团在莫斯科举办的音乐节，并跟随乐团在叶卡捷琳堡和车里雅宾斯克的演出。2016年7月和2017年7月，松田華音获得了俄罗斯指挥大师瓦列里·捷杰耶夫的邀请，携手大师及马林斯基交响乐团在符拉迪沃斯托克的马林斯基远东音乐节演出，受到了观众的热烈欢迎和捷杰耶夫的高度评价。本场音乐会曲目：莫扎特：第二十五交响曲拉赫玛尼诺夫：帕格尼尼主题狂想曲柴可夫斯基：第一交响曲""冬之梦"""
【万有音乐系】意大利米兰交响乐团2020新年音乐会—成都站,在售中,2019.12.30 周一 19:30,,,成都艺术中心音乐厅(原特仑苏音乐厅),104.096728,30.648094,0,演出介绍：意大利米兰交响乐团2020新年音乐会从圣诞到新年，万有音乐系用世界名曲伴您度过辞旧迎新的欢乐时光。创立近70年的世界顶级乐坛，将为中国观众封上最顶级、最精致的古典音乐盛宴！从2019到2020，意大利米兰交响乐团将用音乐奏响新年的狂欢与感动，用丰富多样的传世旋律，开启新一年的美好盼望。【重量级指挥家、歌唱家、乐团打造豪华新年音乐会阵容】意大利重量级交响乐团——意大利米兰交响乐团，其核心演奏家们将组成中国巡演乐团阵容。“欧洲的小泽征尔” 的著名指挥家——阿尔弗雷多·路易吉·科尔纳基亚（Alfredo Luigi Cornacchia）将担任本次新年音乐会巡演指挥。“歌剧女神”、花腔女高音艾达·帕利亚努洛（Ida Pagliarulo）以及曾在音乐剧《帕瓦罗蒂》当中，因饰演“帕瓦罗蒂”而被称为“光影中的帕瓦罗蒂”的男高音歌唱家卡塔罗多·加仑（Cataldo Gallone）将担任音乐会巡演的女高音及男高音歌唱家。这只豪华的演出阵容的将共同为中国观众带来诸多世界名曲。【荣获“最佳广播电视奖”重量级意大利交响乐团】意大利米兰交响乐团由安东尼·莫利纳创建，成立于1952年，该团一经问世便受到世界乐 坛青睐。这支由65位乐手组成的乐团又可分为室内乐团，米兰独奏家乐团，米兰乐团，和谐之音乐团和米兰管乐团。作为意大利顶级乐团，米兰交响乐团曾录制诸多的音乐唱片，深受古典音乐爱好者的追捧，许多唱片获得了最佳广播电视奖。意大利米兰交响乐团更凭借灵活多变的殿堂级演奏，成为米兰斯卡拉歌剧院、佛罗伦萨歌剧院、博洛尼亚市立歌剧院、意大利热那亚歌剧院、都灵音乐厅、罗马音乐厅等意大利本土知名剧院钦点的演出团体，或者音乐剧现场伴奏乐团。更是世界最古老的歌剧节佛罗伦萨音乐节和拉佛纳艺术节等国际知名音乐节的常客！乐团在巴洛克时期音乐以及当代作曲家作品的演奏可谓是切换自由，乐团曾多次成功诠释了巴赫、威尔第、海顿、梅尔卡丹特、莫扎特、贝多芬的精彩华章，更将巴洛克时期那些无人问津的器乐音乐作品也搬上了舞台。今年米兰交响乐团的核心演奏家将组成巡演阵容，在跨年期间来到中国，与中国观众一同温暖跨年。【指挥家—Alfredo Luigi Cornacchia阿尔弗雷多·路易吉·科尔纳基亚】阿尔弗雷多·路易吉·科尔纳基亚，欧洲著名指挥家，其风格“恣意昂扬，优雅细腻，极富现代感，同时不乏欧式古典乐团的深沉典雅，被誉为“欧洲的小泽征尔”。阿尔弗雷多先生毕业于米兰音乐学院，并受到多纳托·伦泽蒂、皮耶罗·贝卢吉、乔玛·帕努拉、陆家、布鲁诺·巴托莱蒂、廖尔香巴达等著名指挥家的指导与教育。他参加了许多国际比赛，并取得过非常好的名次。受邀合作的乐团有：柏林爱乐乐团、阿姆斯特丹皇家音乐大厅交响乐团、东京NHK乐团、巴黎管弦乐团等。他多次受聘于担任国际音乐节任音乐总监，并以艺术家的身份长期受邀活跃在切尔滕纳姆、英格兰国际音乐节、欧洲文化月和普罗夫迪夫、保加利亚国际室内音乐节、意大利特兰托和捷克音乐节、索菲亚音乐周……【女高音歌唱家—Ida PAGLIARULO艾达·帕利亚努洛】欧洲歌剧女神，著名抒情女高音歌唱家Ida PAGLIARULO艾达·帕利亚努洛生于意大利米兰的一个音乐世家，父亲是钢琴家，母亲是歌剧表演艺术家，被音乐所熏陶的她从小就表现出音乐表演的天赋，20岁就完成了钢琴的大学课程的学习，后又师从女高音ElvinaRamella学习声乐。1995年，她在赢得《国际帕瓦罗蒂声乐大赛》和《普契尼歌剧大赛》之后，在意大利斯卡拉歌剧 院，参演了由M.Znaniecki执导的AUTOUR DE CHOPIN。2012年被米兰交响乐团录用，成为乐团的歌剧及独唱表演艺术家、第一女高音歌唱家！除了歌剧，她还与世界著名指挥家及交响乐团合作过数百场音乐会。足迹遍布瑞典、丹麦、挪威、荷兰、德国、奥地利、英国、美国、加拿大、以色列、土耳其以及中东等。她每到之处都成为当地电视台、电台及各种媒体竞相报道的焦点。各地的音乐界人士及音乐爱好者总是以最热情的语言高度评价她的艺术成就。【男高音歌唱家—Cataldo Gallone卡塔罗多·加仑】著名男高音歌唱家，歌剧艺术大师Cataldo Gallone卡塔罗多·加仑是 意大利著名男高音，在欧洲被称为天才演唱家，被媒体誉为“意大利国宝级男高音”。因曾在歌剧《帕瓦罗蒂》中饰演帕瓦罗蒂的精彩表现，获得 “光影中的帕瓦罗蒂”的称号。出生在音乐世家，他自幼受教于各大艺术家—如：路易吉·利奇（Luigi Ricci）、阿尔巴内西 （LiciaAlbanese）、马里奥·菲里佩斯奇 （MarioFilippeschi）、安妮塔赛葵蒂 （AnitaCerquetti） 和美国最著名男高音理查图克（Richard Tucker）。毕业于罗马国家音乐学院，并获得了由罗马国家音乐学院颁发的最高荣誉奖项。此外还获得了当代声乐和艺术表演的研究生学位（A.F.A.M.）。1990年他初次登台扮演威尔第的茶花女中杰尔蒙一角大获成功，同年加泰罗尼亚加洛内先生成为鲁赛爱乐的首席男歌手，之后参与表演过的曲目包括焦阿基诺·罗西尼的塞维里亚的理发师，爱情的灵药，纳布科，埃尔纳尼，弄臣……他与诺玛·凡蒂尼（Norma Fantini）共同出演由纳德·阿巴斯担任指挥、开罗歌剧院和泰萨德歌剧院联合出品的拉达梅斯的《阿依达》歌剧并担任雷德蒙和诺玛·范丁角色。【曲目单】上半场 1.Good news from Beijing 《北京喜讯传边寨》 2.G. Verdi：from Nabucco, Overture威尔第—《纳布科序曲》3.G. Puccini:  from La Bohème, Musetta Waltz普契尼— 咏叹调《漫步街上》选自《波西米亚人》女高音演唱4.	Bizet：Carmen Suite 比才—《卡门组曲》 5.	R. Leoncavallo：from Pagliacci, Arlecchino Serenade莱翁卡瓦洛—《阿列克奇诺小夜曲》男高音演唱6.J. Brahms：Hungarian Dance No.5勃拉姆斯 —《匈牙利舞曲5号》7.G. Puccin：from Madame Butterfly, Un bel dì vedremo 普契尼—《晴朗的一天》选自《蝴蝶夫人》女高	